name,email,address,enabled,emailScheduleTime
Skylar Bailie,sbailie0@independent.co.uk,28 Di Loreto Alley,true,2021-08-18T08:58:23Z
Ermanno Ramel,eramel1@shinystat.com,19096 Vermont Road,true,2022-01-26T22:08:24Z
Francesca Mc Curlye,fmc2@edublogs.org,29209 Lien Center,false,2022-02-26T16:01:46Z
Irina Ashfold,iashfold3@nyu.edu,6685 West Plaza,false,2021-05-21T22:14:11Z
Holden Britto,hbritto4@netvibes.com,1 Karstens Trail,false,2021-10-30T13:07:21Z
Orel Roncelli,oroncelli5@bloglines.com,92188 Loeprich Street,false,2021-07-15T01:41:35Z
Gerhard Grabb,ggrabb6@github.io,8423 Pankratz Street,true,2021-05-23T22:36:33Z
Goldi Haquard,ghaquard7@parallels.com,1389 Holmberg Pass,true,2021-07-15T12:09:50Z
Skelly Lovekin,slovekin8@earthlink.net,105 Acker Place,false,2022-04-29T02:55:35Z
Burr Desvignes,bdesvignes9@livejournal.com,86992 Rutledge Court,true,2021-12-27T09:55:43Z
